date,cases_avg,cases_avg_per_100k,deaths_avg,deaths_avg_per_100k
2020-01-21,0.14,0,0,0
2020-01-22,0.14,0,0,0
2020-01-23,0.14,0,0,0
2020-01-24,0.29,0,0,0
2020-01-25,0.43,0,0,0
2020-01-26,0.71,0,0,0
2020-01-27,0.71,0,0,0
2020-01-28,0.71,0,0,0
2020-01-29,0.71,0,0,0
2020-01-30,0.86,0,0,0
2020-01-31,1,0,0,0
2020-02-01,1.14,0,0,0
2020-02-02,1.29,0,0,0
2020-02-03,1.29,0,0,0
2020-02-04,1.14,0,0,0
2020-02-05,1.29,0,0,0
2020-02-06,1.29,0,0,0
2020-02-07,1.29,0,0,0
2020-02-08,1.29,0,0,0
2020-02-09,1.14,0,0,0
2020-02-10,0.7,0,0,0
2020-02-11,0.7,0,0,0
2020-02-12,0.84,0,0,0
2020-02-13,0.7,0,0,0
2020-02-14,0.7,0,0,0
2020-02-15,0.55,0,0,0
2020-02-16,0.55,0,0,0
2020-02-17,1.98,0,0,0
2020-02-18,1.98,0,0,0
2020-02-19,1.84,0,0,0
2020-02-20,1.96,0,0,0
2020-02-21,2,0,0,0
2020-02-22,2,0,0,0
2020-02-23,2,0,0,0
2020-02-24,1.87,0,0,0
2020-02-25,2.1,0,0,0
2020-02-26,3,0,0,0
2020-02-27,3,0,0,0
2020-02-28,4.83,0,0,0
2020-02-29,5,0,0.08,0
2020-03-01,6.66,0,0.23,0
2020-03-02,9.8,0,0.43,0
2020-03-03,11.68,0,0.67,0
2020-03-04,13.52,0,0.77,0
2020-03-05,20.5,0.01,0.77,0
2020-03-06,34.97,0.01,1.04,0
2020-03-07,50.73,0.02,2.51,0
2020-03-08,64.39,0.02,2.65,0
2020-03-09,88.49,0.03,2.69,0
2020-03-10,123.23,0.04,2.74,0
2020-03-11,150.29,0.05,3.57,0
2020-03-12,201.45,0.06,3.98,0
2020-03-13,270.28,0.08,5.04,0
2020-03-14,342.93,0.1,5.33,0
2020-03-15,427.56,0.13,5.6,0
2020-03-16,530.94,0.16,7.8,0
2020-03-17,690.72,0.21,9.8,0
2020-03-18,1006.65,0.3,13.33,0
2020-03-19,1518.99,0.46,17.78,0.01
2020-03-20,2242.91,0.68,22,0.01
2020-03-21,3070.73,0.93,38.17,0.01
2020-03-22,4201.46,1.27,48.54,0.01
2020-03-23,5565.32,1.68,62.28,0.02
2020-03-24,6855.07,2.07,84.54,0.03
2020-03-25,8600.43,2.59,121.01,0.04
2020-03-26,10453.86,3.15,155.94,0.05
2020-03-27,12121.41,3.65,206.3,0.06
2020-03-28,14193.48,4.28,273.04,0.08
2020-03-29,15630.43,4.71,317.46,0.1
2020-03-30,17204.61,5.19,389.18,0.12
2020-03-31,19217.34,5.79,495.47,0.15
2020-04-01,20971.86,6.32,605.67,0.18
2020-04-02,22790.1,6.87,736.48,0.22
2020-04-03,24932.29,7.51,878.22,0.26
2020-04-04,26936.88,8.12,1024.8,0.31
2020-04-05,27951.16,8.42,1162.36,0.35
2020-04-06,29300.57,8.83,1288.83,0.39
2020-04-07,30136.3,9.08,1472.71,0.44
2020-04-08,30831.35,9.29,1627.21,0.49
2020-04-09,31535.71,9.5,1756.12,0.53
2020-04-10,31700.29,9.55,1880.04,0.57
2020-04-11,31219.43,9.41,1955.44,0.59
2020-04-12,31509.86,9.5,2001.11,0.6
2020-04-13,30840.43,9.29,2032.9,0.61
2020-04-14,30430.56,9.17,2103.35,0.63
2020-04-15,30096.99,9.07,2182.44,0.66
2020-04-16,29613.42,8.92,2214.03,0.67
2020-04-17,29372.76,8.85,2221.65,0.67
2020-04-18,28816.48,8.68,2204.85,0.66
2020-04-19,28523.62,8.6,2176.98,0.66
2020-04-20,28728.2,8.66,2189.74,0.66
2020-04-21,28613.54,8.62,2192.07,0.66
2020-04-22,28440.49,8.57,2146.07,0.65
2020-04-23,28789.06,8.68,2123.24,0.64
2020-04-24,29431.05,8.87,2101.32,0.63
2020-04-25,30307.4,9.13,2104.02,0.63
2020-04-26,30423.14,9.17,2062.15,0.62
2020-04-27,29851.57,9,2008.4,0.61
2020-04-28,29670.05,8.94,1970.53,0.59
2020-04-29,29357.13,8.85,1992.38,0.6
2020-04-30,28862.67,8.7,1992.91,0.6
2020-05-01,28556.19,8.61,1951.89,0.59
2020-05-02,27846.15,8.39,1881.64,0.57
2020-05-03,27860.78,8.4,1900.68,0.57
2020-05-04,27603.49,8.32,1844.25,0.56
2020-05-05,27471.35,8.28,1819.89,0.55
2020-05-06,27267.24,8.22,1793.37,0.54
2020-05-07,26908.91,8.11,1726.55,0.52
2020-05-08,25990.71,7.83,1678.64,0.51
2020-05-09,25342.96,7.64,1655.7,0.5
2020-05-10,24422.01,7.36,1636.55,0.49
2020-05-11,23878.6,7.2,1577.7,0.48
2020-05-12,23676.36,7.14,1504.12,0.45
2020-05-13,23080.26,6.96,1468.09,0.44
2020-05-14,22980.4,6.93,1437.95,0.43
2020-05-15,22778.67,6.86,1446.52,0.44
2020-05-16,22591.17,6.81,1416.79,0.43
2020-05-17,22419.87,6.76,1401.69,0.42
2020-05-18,23021.62,6.94,1381.98,0.42
2020-05-19,22832.9,6.88,1362.03,0.41
2020-05-20,23107.05,6.96,1319.89,0.4
2020-05-21,22939.29,6.91,1259.55,0.38
2020-05-22,22583.59,6.81,1215.9,0.37
2020-05-23,22385.62,6.75,1189.56,0.36
2020-05-24,22533.04,6.79,1157.25,0.35
2020-05-25,22158.22,6.68,1120.62,0.34
2020-05-26,21857.58,6.59,1003.12,0.3
2020-05-27,21330.53,6.43,1001.94,0.3
2020-05-28,20807.82,6.27,986.19,0.3
2020-05-29,21012.78,6.33,973.01,0.29
2020-05-30,21100.47,6.36,960.52,0.29
2020-05-31,21193.04,6.39,959.78,0.29
2020-06-01,20981.22,6.32,961.7,0.29
2020-06-02,21238.87,6.4,1016.58,0.31
2020-06-03,21410.61,6.45,957.27,0.29
2020-06-04,21288.88,6.42,929.01,0.28
2020-06-05,21263.15,6.41,881.72,0.27
2020-06-06,21225.17,6.4,849.2,0.26
2020-06-07,20915.18,6.3,821.61,0.25
2020-06-08,20916.16,6.3,831.04,0.25
2020-06-09,20596.11,6.21,824.6,0.25
2020-06-10,20774.43,6.26,809.05,0.24
2020-06-11,20993.49,6.33,790.76,0.24
2020-06-12,21130.54,6.37,779.87,0.24
2020-06-13,21528.15,6.49,775.98,0.23
2020-06-14,21593.85,6.51,761.45,0.23
2020-06-15,21899.9,6.6,725.6,0.22
2020-06-16,22756.04,6.86,690.18,0.21
2020-06-17,23459.36,7.07,668.13,0.2
2020-06-18,24097.08,7.26,648.38,0.2
2020-06-19,25147.51,7.58,637.06,0.19
2020-06-20,26249.22,7.91,618.09,0.19
2020-06-21,27172.94,8.19,603.52,0.18
2020-06-22,28534.79,8.6,590.31,0.18
2020-06-23,29985.54,9.04,590.19,0.18
2020-06-24,31663.27,9.54,589.28,0.18
2020-06-25,33262.14,10.02,575.34,0.17
2020-06-26,35053.07,10.56,565.55,0.17
2020-06-27,36569.14,11.02,557.81,0.17
2020-06-28,38251.99,11.53,555.43,0.17
2020-06-29,39739.56,11.98,566.68,0.17
2020-06-30,41649.14,12.55,568.5,0.17
2020-07-01,43481.14,13.1,551.82,0.17
2020-07-02,45822,13.81,559.12,0.17
2020-07-03,47482.28,14.31,561.24,0.17
2020-07-04,48662.69,14.67,524.75,0.16
2020-07-05,49368.26,14.88,518.91,0.16
2020-07-06,50466.96,15.21,523.9,0.16
2020-07-07,51264.99,15.45,546.65,0.16
2020-07-08,52620.1,15.86,591.09,0.18
2020-07-09,53238.67,16.04,608.77,0.18
2020-07-10,54820.67,16.52,641.35,0.19
2020-07-11,56039.43,16.89,697.21,0.21
2020-07-12,58212.14,17.54,714.08,0.22
2020-07-13,60230.28,18.15,716.41,0.22
2020-07-14,61897.03,18.65,725.78,0.22
2020-07-15,63164.45,19.04,726.49,0.22
2020-07-16,65421.18,19.72,736.22,0.22
2020-07-17,65806.46,19.83,745.46,0.22
2020-07-18,66363.32,20,759.84,0.23
2020-07-19,66748.75,20.12,758.17,0.23
2020-07-20,66488.67,20.04,774.59,0.23
2020-07-21,66469.79,20.03,802.44,0.24
2020-07-22,66669.43,20.09,836.77,0.25
2020-07-23,65830.57,19.84,865.26,0.26
2020-07-24,66119.88,19.93,887.48,0.27
2020-07-25,66787.07,20.13,907.65,0.27
2020-07-26,65590.49,19.77,904.56,0.27
2020-07-27,65478.43,19.73,920.76,0.28
2020-07-28,65172.33,19.64,957.35,0.29
2020-07-29,64687.78,19.5,998.55,0.3
2020-07-30,64548.3,19.45,1021.34,0.31
2020-07-31,63994.02,19.29,1067.6,0.32
2020-08-01,62527.8,18.84,1078.4,0.33
2020-08-02,62040,18.7,1072.23,0.32
2020-08-03,60371.4,18.19,1076.37,0.32
2020-08-04,59013.1,17.79,1079.9,0.33
2020-08-05,57201.81,17.24,1063.1,0.32
2020-08-06,55566.12,16.75,1053.74,0.32
2020-08-07,54435.57,16.41,1038.14,0.31
2020-08-08,54210.86,16.34,1031.25,0.31
2020-08-09,53876.04,16.24,1042.15,0.31
2020-08-10,53840.57,16.23,1032.87,0.31
2020-08-11,53812.57,16.22,1050.81,0.32
2020-08-12,53897.71,16.24,1077.36,0.32
2020-08-13,53398.57,16.09,1083.75,0.33
2020-08-14,53159.37,16.02,1062.76,0.32
2020-08-15,52680.52,15.88,1070.1,0.32
2020-08-16,51749.23,15.6,1065.52,0.32
2020-08-17,50374.43,15.18,1068.24,0.32
2020-08-18,48909.05,14.74,1050.47,0.32
2020-08-19,47328.54,14.26,1022.32,0.31
2020-08-20,46186.77,13.92,999.38,0.3
2020-08-21,44694.34,13.47,994.12,0.3
2020-08-22,43731.05,13.18,979.1,0.3
2020-08-23,42386.77,12.77,966.43,0.29
2020-08-24,42592.45,12.84,962.75,0.29
2020-08-25,42038.77,12.67,948.51,0.29
2020-08-26,42207.34,12.72,939.77,0.28
2020-08-27,42267.91,12.74,950.35,0.29
2020-08-28,41937.77,12.64,932.74,0.28
2020-08-29,41859.16,12.62,920.79,0.28
2020-08-30,41869.11,12.62,903.83,0.27
2020-08-31,41518.04,12.51,902.53,0.27
2020-09-01,41493.21,12.51,885.09,0.27
2020-09-02,41029.46,12.37,882.22,0.27
2020-09-03,41120.21,12.39,864.41,0.26
2020-09-04,42012.93,12.66,862.49,0.26
2020-09-05,41602.14,12.54,836.69,0.25
2020-09-06,40957.57,12.34,837.47,0.25
2020-09-07,39366.9,11.86,814.44,0.25
2020-09-08,37928.76,11.43,720.24,0.22
2020-09-09,36920.48,11.13,730.61,0.22
2020-09-10,35711.76,10.76,712.51,0.21
2020-09-11,35072.05,10.57,745.34,0.22
2020-09-12,34622.14,10.43,741.75,0.22
2020-09-13,35172.29,10.6,737.93,0.22
2020-09-14,36619.2,11.04,753.51,0.23
2020-09-15,38215.86,11.52,841.68,0.25
2020-09-16,39048.46,11.77,819.4,0.25
2020-09-17,40099.3,12.08,812.19,0.24
2020-09-18,40286.87,12.14,771.69,0.23
2020-09-19,40778.57,12.29,772.98,0.23
2020-09-20,41063.11,12.38,751.84,0.23
2020-09-21,41207.13,12.42,749.7,0.23
2020-09-22,41055.29,12.37,754.58,0.23
2020-09-23,41041.46,12.37,762.72,0.23
2020-09-24,41255.11,12.43,764.7,0.23
2020-09-25,41139.43,12.4,759.27,0.23
2020-09-26,40965.07,12.35,763.44,0.23
2020-09-27,41309.64,12.45,749.26,0.23
2020-09-28,41171.05,12.41,745.84,0.22
2020-09-29,42390.27,12.78,741.72,0.22
2020-09-30,42477.09,12.8,739.56,0.22
2020-10-01,42780.33,12.89,731.75,0.22
2020-10-02,43391.61,13.08,721.17,0.22
2020-10-03,44059.27,13.28,714.7,0.22
2020-10-04,43677.79,13.16,721,0.22
2020-10-05,44373.29,13.37,724.69,0.22
2020-10-06,44202.83,13.32,704.79,0.21
2020-10-07,45885.14,13.83,703.37,0.21
2020-10-08,47322.93,14.26,710.98,0.21
2020-10-09,48097.79,14.5,722.98,0.22
2020-10-10,48899.59,14.74,712.93,0.21
2020-10-11,49937.56,15.05,712.66,0.21
2020-10-12,50859.7,15.33,704.22,0.21
2020-10-13,52457.58,15.81,719.08,0.22
2020-10-14,53434.29,16.1,719.92,0.22
2020-10-15,54715.21,16.49,716.39,0.22
2020-10-16,56358.36,16.99,720.96,0.22
2020-10-17,56523.71,17.03,711.25,0.21
2020-10-18,57772.29,17.41,719.43,0.22
2020-10-19,59361.44,17.89,729.81,0.22
2020-10-20,60334.81,18.18,750.21,0.23
2020-10-21,60961.1,18.37,795.95,0.24
2020-10-22,62358.24,18.79,776.76,0.23
2020-10-23,64099.8,19.32,783.18,0.24
2020-10-24,67262.72,20.27,807.72,0.24
2020-10-25,68400.53,20.61,794.51,0.24
2020-10-26,70741.83,21.32,802.75,0.24
2020-10-27,72739.24,21.92,814.5,0.25
2020-10-28,75274.38,22.69,788.77,0.24
2020-10-29,77529.95,23.37,811.37,0.24
2020-10-30,79962.67,24.1,817.79,0.25
2020-10-31,80766.13,24.34,811.83,0.24
2020-11-01,82648.77,24.91,820.8,0.25
2020-11-02,85497.13,25.77,824.6,0.25
2020-11-03,88094.1,26.55,844.56,0.25
2020-11-04,91858.38,27.68,869.25,0.26
2020-11-05,96266.1,29.01,888.73,0.27
2020-11-06,100959.83,30.43,930.9,0.28
2020-11-07,106991.12,32.24,955.62,0.29
2020-11-08,111334.12,33.55,949.33,0.29
2020-11-09,116337.64,35.06,979.68,0.3
2020-11-10,123090.21,37.1,1030.93,0.31
2020-11-11,128230.21,38.65,1081.67,0.33
2020-11-12,134128.21,40.42,1089.44,0.33
2020-11-13,141081.36,42.52,1107.07,0.33
2020-11-14,145810.21,43.94,1127.51,0.34
2020-11-15,150061.11,45.22,1149.46,0.35
2020-11-16,155521.71,46.87,1149.3,0.35
2020-11-17,158656.95,47.82,1176.6,0.35
2020-11-18,162561.7,48.99,1242.23,0.37
2020-11-19,166240.6,50.1,1354.98,0.41
2020-11-20,168722.8,50.85,1437.48,0.43
2020-11-21,170565.66,51.4,1468.89,0.44
2020-11-22,171333.31,51.64,1494.64,0.45
2020-11-23,173230.28,52.21,1525.38,0.46
2020-11-24,175550.88,52.91,1610.97,0.49
2020-11-25,176739.88,53.27,1686.06,0.51
2020-11-26,170632.16,51.42,1640.94,0.49
2020-11-27,165698.31,49.94,1514.85,0.46
2020-11-28,162723.7,49.04,1481.64,0.45
2020-11-29,162062.31,48.84,1460.88,0.44
2020-11-30,160353.11,48.33,1493.89,0.45
2020-12-01,161262.68,48.6,1549.07,0.47
2020-12-02,164179.32,49.48,1625.75,0.49
2020-12-03,175144.41,52.78,1801.47,0.54
2020-12-04,184190.79,55.51,2025.31,0.61
2020-12-05,191970.16,57.86,2163.12,0.65
2020-12-06,197090.45,59.4,2218.09,0.67
2020-12-07,202356.41,60.99,2256.57,0.68
2020-12-08,204765.77,61.71,2262.85,0.68
2020-12-09,207277.21,62.47,2305.91,0.69
2020-12-10,208641.78,62.88,2343.66,0.71
2020-12-11,209437.63,63.12,2376.95,0.72
2020-12-12,209306.78,63.08,2385.77,0.72
2020-12-13,210345.92,63.39,2423.77,0.73
2020-12-14,210850.49,63.55,2434.24,0.73
2020-12-15,210984.35,63.59,2498.83,0.75
2020-12-16,214771.21,64.73,2574.44,0.78
2020-12-17,216176.06,65.15,2609.99,0.79
2020-12-18,218502.08,65.85,2615.96,0.79
2020-12-19,216284.67,65.18,2635.39,0.79
2020-12-20,215935.81,65.08,2641.96,0.8
2020-12-21,216028.41,65.11,2692.07,0.81
2020-12-22,215815.39,65.04,2714.25,0.82
2020-12-23,213378.04,64.31,2685.16,0.81
2020-12-24,207256.64,62.46,2624.08,0.79
2020-12-25,194653.79,58.66,2489.7,0.75
2020-12-26,189991.3,57.26,2279.58,0.69
2020-12-27,185516.16,55.91,2228.93,0.67
2020-12-28,183117.59,55.19,2192.03,0.66
2020-12-29,183031.27,55.16,2258.46,0.68
2020-12-30,183194.51,55.21,2316.95,0.7
2020-12-31,188525.43,56.82,2399.74,0.72
2021-01-01,195604.95,58.95,2507.43,0.76
2021-01-02,205235.78,61.85,2586.5,0.78
2021-01-03,212412.1,64.02,2606.68,0.79
2021-01-04,215017.32,64.8,2652.03,0.8
2021-01-05,220002.89,66.3,2660.86,0.8
2021-01-06,224017.49,67.51,2687.15,0.81
2021-01-07,230964.37,69.61,2764.7,0.83
2021-01-08,244360.59,73.64,2942.48,0.89
2021-01-09,246664,74.34,3173.8,0.96
2021-01-10,247589.24,74.62,3217.65,0.97
2021-01-11,251239.55,75.72,3245.72,0.98
2021-01-12,250506.18,75.5,3316.26,1
2021-01-13,246700.61,74.35,3326.34,1
2021-01-14,240968.47,72.62,3322.86,1
2021-01-15,232195.04,69.98,3309.36,1
2021-01-16,225074.75,67.83,3323.02,1
2021-01-17,219080.89,66.03,3287.25,0.99
2021-01-18,209251.74,63.06,3221.1,0.97
2021-01-19,201953.14,60.86,3064.11,0.92
2021-01-20,195751.66,58.99,3096.8,0.93
2021-01-21,189320.66,57.06,3124.67,0.94
2021-01-22,182429.64,54.98,3124.48,0.94
2021-01-23,177388.07,53.46,3113.41,0.94
2021-01-24,171497.77,51.69,3111.63,0.94
2021-01-25,172349.06,51.94,3141.56,0.95
2021-01-26,167477.43,50.47,3342.21,1.01
2021-01-27,163234.2,49.19,3309.57,1
2021-01-28,159758.16,48.15,3279.71,0.99
2021-01-29,155909.57,46.99,3248.38,0.98
2021-01-30,151497.14,45.66,3180,0.96
2021-01-31,148606.38,44.79,3112.16,0.94
2021-02-01,143981.14,43.39,3119.95,0.94
2021-02-02,138952.71,41.88,3058.99,0.92
2021-02-03,132918.84,40.06,3022.14,0.91
2021-02-04,127359.29,38.38,2984.93,0.9
2021-02-05,122268.57,36.85,2978.27,0.9
2021-02-06,116265.84,35.04,2960.52,0.89
2021-02-07,113827.54,34.3,2923.43,0.88
2021-02-08,110042.98,33.16,2857.29,0.86
2021-02-09,107052.71,32.26,2814.21,0.85
2021-02-10,104551.57,31.51,2733.59,0.82
2021-02-11,101688.71,30.65,2678.15,0.81
2021-02-12,97415.39,29.36,2595.4,0.78
2021-02-13,94514.96,28.48,2537.83,0.76
2021-02-14,91159.53,27.47,2485.08,0.75
2021-02-15,85939.89,25.9,2413.97,0.73
2021-02-16,81408.6,24.53,2205.43,0.66
2021-02-17,77606.06,23.39,2100.03,0.63
2021-02-18,72776.7,21.93,2011.89,0.61
2021-02-19,69702.56,21.01,1969.07,0.59
2021-02-20,67479.85,20.34,1906.7,0.57
2021-02-21,66231.29,19.96,1924.65,0.58
2021-02-22,66768.97,20.12,1972.41,0.59
2021-02-23,67854.05,20.45,2056.64,0.62
2021-02-24,68610.71,20.68,2102.31,0.63
2021-02-25,69480.86,20.94,2095.09,0.63
2021-02-26,69526.86,20.95,2022.1,0.61
2021-02-27,68536.73,20.66,1963.91,0.59
2021-02-28,67804.87,20.43,1940.68,0.58
2021-03-01,67040.16,20.2,1928.49,0.58
2021-03-02,65111.18,19.62,1948.7,0.59
2021-03-03,63819.53,19.23,1898.67,0.57
2021-03-04,62256.39,18.76,1860.24,0.56
2021-03-05,60366.28,18.19,1803.18,0.54
2021-03-06,59576.03,17.95,1799.7,0.54
2021-03-07,58260.17,17.56,1706.02,0.51
2021-03-08,57214.09,17.24,1636.54,0.49
2021-03-09,56791.52,17.12,1558.79,0.47
2021-03-10,55954.34,16.86,1462.06,0.44
2021-03-11,55204.77,16.64,1413.45,0.43
2021-03-12,54963.7,16.56,1358.23,0.41
2021-03-13,53964.87,16.26,1313.35,0.4
2021-03-14,53628.77,16.16,1269.01,0.38
2021-03-15,54195.62,16.33,1244.82,0.38
2021-03-16,54147.91,16.32,1178.68,0.36
2021-03-17,54282.28,16.36,1155.42,0.35
2021-03-18,54133.51,16.31,1114.15,0.34
2021-03-19,53560.65,16.14,1087.44,0.33
2021-03-20,54366.51,16.38,1041.72,0.31
2021-03-21,53981.37,16.27,1019.13,0.31
2021-03-22,53964.79,16.26,998.01,0.3
2021-03-23,54307.78,16.37,980.76,0.3
2021-03-24,57290.38,17.27,1008.95,0.3
2021-03-25,58244.14,17.55,1008.3,0.3
2021-03-26,60295.75,18.17,980.6,0.3
2021-03-27,61243.07,18.46,979.26,0.3
2021-03-28,62695.43,18.89,979.86,0.3
2021-03-29,64983.71,19.58,985.91,0.3
2021-03-30,65844.86,19.84,1005.21,0.3
2021-03-31,64064,19.31,954.53,0.29
2021-04-01,65452.43,19.73,911.14,0.27
2021-04-02,64970.43,19.58,870.61,0.26
2021-04-03,65518.86,19.75,864.3,0.26
2021-04-04,64534.16,19.45,839.14,0.25
2021-04-05,64711.34,19.5,795.26,0.24
2021-04-06,64748.57,19.51,791.37,0.24
2021-04-07,65484.54,19.74,773.17,0.23
2021-04-08,65948.32,19.88,774.86,0.23
2021-04-09,67461.43,20.33,772.82,0.23
2021-04-10,67475.43,20.34,763.3,0.23
2021-04-11,68254.65,20.57,756.42,0.23
2021-04-12,68775.79,20.73,754.19,0.23
2021-04-13,70671.72,21.3,759.96,0.23
2021-04-14,71093.15,21.43,755.74,0.23
2021-04-15,70150.84,21.14,744.37,0.22
2021-04-16,69792.78,21.03,735.58,0.22
2021-04-17,69195.06,20.85,737.81,0.22
2021-04-18,68260.92,20.57,731.76,0.22
2021-04-19,67285.76,20.28,734.5,0.22
2021-04-20,65017.57,19.59,727.86,0.22
2021-04-21,63233.08,19.06,715.9,0.22
2021-04-22,62227.62,18.75,720.22,0.22
2021-04-23,60124.79,18.12,713.24,0.21
2021-04-24,58656.45,17.68,716.23,0.22
2021-04-25,57439.02,17.31,710.65,0.21
2021-04-26,56737.61,17.1,702.25,0.21
2021-04-27,55667.63,16.78,712.18,0.21
2021-04-28,54594.03,16.45,726.8,0.22
2021-04-29,53412.46,16.1,721.61,0.22
2021-04-30,52558.52,15.84,720.49,0.22
2021-05-01,51483.98,15.52,720.93,0.22
2021-05-02,50708.29,15.28,724.51,0.22
2021-05-03,49590,14.95,719.36,0.22
2021-05-04,48079.75,14.49,725.27,0.22
2021-05-05,46526.46,14.02,707.08,0.21
2021-05-06,45132.89,13.6,695.15,0.21
2021-05-07,43506.99,13.11,688.88,0.21
2021-05-08,41879.44,12.62,674.77,0.2
2021-05-09,40781.63,12.29,666.11,0.2
2021-05-10,38836.24,11.7,657.69,0.2
2021-05-11,37806.74,11.39,621.87,0.19
2021-05-12,36749.79,11.08,637.67,0.19
2021-05-13,35373.05,10.66,630.63,0.19
2021-05-14,33784.58,10.18,629.5,0.19
2021-05-15,32919.3,9.92,621.84,0.19
2021-05-16,32111.16,9.68,625.77,0.19
2021-05-17,30892.21,9.31,618.21,0.19
2021-05-18,29951.09,9.03,629.7,0.19
2021-05-19,28960.95,8.73,611.43,0.18
2021-05-20,27829.89,8.39,589.66,0.18
2021-05-21,27872.31,8.4,579.86,0.17
2021-05-22,27012.75,8.14,566.09,0.17
2021-05-23,26237.96,7.91,548.91,0.17
2021-05-24,25695.58,7.74,538.91,0.16
2021-05-25,25086.17,7.56,532.85,0.16
2021-05-26,24395.68,7.35,527.18,0.16
2021-05-27,23635.59,7.12,534.26,0.16
2021-05-28,22569.2,6.8,528.83,0.16
2021-05-29,20602.34,6.21,517.73,0.16
2021-05-30,19972.21,6.02,506.93,0.15
2021-05-31,18704.89,5.64,503,0.15
2021-06-01,16590.64,5,447.23,0.13
2021-06-02,15637.3,4.71,413.39,0.12
2021-06-03,14951.59,4.51,398.75,0.12
2021-06-04,14562.02,4.39,391.96,0.12
2021-06-05,14409.87,4.34,393.86,0.12
2021-06-06,14196.55,4.28,396.84,0.12
2021-06-07,14473.22,4.36,373.45,0.11
2021-06-08,14807.22,4.46,414.61,0.12
2021-06-09,14764.59,4.45,430.88,0.13
2021-06-10,14515.73,4.37,423.21,0.13
2021-06-11,13834.35,4.17,420.8,0.13
2021-06-12,13409.78,4.04,413.3,0.12
2021-06-13,12891.44,3.89,391.98,0.12
2021-06-14,12836.89,3.87,381.15,0.11
2021-06-15,12620.2,3.8,371.56,0.11
2021-06-16,12459.14,3.75,360.98,0.11
2021-06-17,11983.3,3.61,350.64,0.11
2021-06-18,11626.29,3.5,336.92,0.1
2021-06-19,11575.02,3.49,324.25,0.1
2021-06-20,11517.3,3.47,321.15,0.1
2021-06-21,11178.55,3.37,313.07,0.09
2021-06-22,11377.71,3.43,311.38,0.09
2021-06-23,11283.86,3.4,305.97,0.09
2021-06-24,11637.29,3.51,312.75,0.09
2021-06-25,11943.62,3.6,314.57,0.09
2021-06-26,11933.3,3.6,313.03,0.09
2021-06-27,11909.39,3.59,315.03,0.09
2021-06-28,12340.32,3.72,297.19,0.09
2021-06-29,12322.14,3.71,290.51,0.09
2021-06-30,12899.71,3.89,283.03,0.09
2021-07-01,13093.02,3.95,269.87,0.08
2021-07-02,13957.16,4.21,265.51,0.08
2021-07-03,13861.73,4.18,264.94,0.08
2021-07-04,13951.09,4.2,260.32,0.08
2021-07-05,13813.04,4.16,258.03,0.08
2021-07-06,14211.05,4.28,230.35,0.07
2021-07-07,14999.74,4.52,237.59,0.07
2021-07-08,15890.74,4.79,236.99,0.07
2021-07-09,18198.92,5.48,236.72,0.07
2021-07-10,18370.97,5.54,228.14,0.07
2021-07-11,18512.78,5.58,222.48,0.07
2021-07-12,19966.42,6.02,218.39,0.07
2021-07-13,23127.44,6.97,258.47,0.08
2021-07-14,26796.77,8.08,266.32,0.08
2021-07-15,28626.3,8.63,278.77,0.08
2021-07-16,31123.21,9.38,275.04,0.08
2021-07-17,31864.71,9.6,270.97,0.08
2021-07-18,32211.62,9.71,270.26,0.08
2021-07-19,35704.6,10.76,263.95,0.08
2021-07-20,38381.54,11.57,257,0.08
2021-07-21,41683.82,12.56,252.83,0.08
2021-07-22,45891.25,13.83,257.34,0.08
2021-07-23,50351.96,15.17,270.4,0.08
2021-07-24,51323.04,15.47,272.69,0.08
2021-07-25,51833.07,15.62,273.67,0.08
2021-07-26,56996.11,17.18,282.28,0.09
2021-07-27,63391.82,19.1,301.62,0.09
2021-07-28,66965.75,20.18,320.26,0.1
2021-07-29,71623.25,21.59,323.13,0.1
2021-07-30,77457.98,23.34,337.49,0.1
2021-07-31,78005.79,23.51,341.33,0.1
2021-08-01,78844.36,23.76,343.04,0.1
2021-08-02,85850.4,25.87,361.58,0.11
2021-08-03,92234.45,27.8,400.08,0.12
2021-08-04,96137.65,28.97,432.71,0.13
2021-08-05,100265.21,30.22,461.26,0.14
2021-08-06,104947.39,31.63,506.67,0.15
2021-08-07,105404.3,31.77,510.51,0.15
2021-08-08,107250.08,32.32,519.08,0.16
2021-08-09,114141.43,34.4,526.87,0.16
2021-08-10,117456.63,35.4,609.49,0.18
2021-08-11,122443.87,36.9,617.46,0.19
2021-08-12,124942.89,37.65,676.06,0.2
2021-08-13,128647.51,38.77,706.21,0.21
2021-08-14,127758.95,38.5,711.48,0.21
2021-08-15,127419.2,38.4,714.91,0.22
2021-08-16,133399.61,40.2,755.04,0.23
2021-08-17,139864.03,42.15,755.05,0.23
2021-08-18,141371.05,42.61,813.22,0.25
2021-08-19,144391.05,43.52,911.9,0.27
2021-08-20,144471.63,43.54,974.88,0.29
2021-08-21,145884.39,43.97,1001.99,0.3
2021-08-22,145223.72,43.77,1006.54,0.3
2021-08-23,148741.49,44.83,1055.23,0.32
2021-08-24,149866.48,45.17,1120.73,0.34
2021-08-25,152393.57,45.93,1183.41,0.36
2021-08-26,155195.91,46.77,1241.64,0.37
2021-08-27,155839.11,46.97,1271.23,0.38
2021-08-28,156698.52,47.23,1284.18,0.39
2021-08-29,156787.52,47.25,1291.01,0.39
2021-08-30,160520.86,48.38,1353.41,0.41
2021-08-31,161874.5,48.79,1377.03,0.42
2021-09-01,164417.94,49.55,1405.79,0.42
2021-09-02,164373.78,49.54,1520.66,0.46
2021-09-03,163750.06,49.35,1563.72,0.47
2021-09-04,163076.78,49.15,1555.65,0.47
2021-09-05,162631.46,49.01,1558.75,0.47
2021-09-06,156843.78,47.27,1550.42,0.47
2021-09-07,151538.35,45.67,1471.04,0.44
2021-09-08,148793.32,44.84,1532.1,0.46
2021-09-09,148270.46,44.69,1579.39,0.48
2021-09-10,145965.34,43.99,1638.41,0.49
2021-09-11,145217.13,43.76,1662.59,0.5
2021-09-12,143968.07,43.39,1643.99,0.5
2021-09-13,151645.32,45.7,1643.75,0.5
2021-09-14,154517.54,46.57,1872.65,0.56
2021-09-15,152668,46.01,1936.62,0.58
2021-09-16,150417.57,45.33,1965.93,0.59
2021-09-17,149036.43,44.92,1989.25,0.6
2021-09-18,148047.79,44.62,2004.81,0.6
2021-09-19,147039.71,44.31,2003.97,0.6
2021-09-20,137227,41.36,1951.42,0.59
2021-09-21,134767.14,40.62,2061.76,0.62
2021-09-22,130794.38,39.42,2109.05,0.64
2021-09-23,126903.28,38.25,2067.52,0.62
2021-09-24,123107.95,37.1,2098.87,0.63
2021-09-25,120376.2,36.28,2074.34,0.63
2021-09-26,119151.99,35.91,2068.59,0.62
2021-09-27,117994.29,35.56,2056.03,0.62
2021-09-28,115124.39,34.7,2030.35,0.61
2021-09-29,112934.71,34.04,1975.09,0.6
2021-09-30,111241.16,33.53,1915.65,0.58
2021-10-01,109200.23,32.91,1873.22,0.56
2021-10-02,107594.19,32.43,1870.37,0.56
2021-10-03,106423.48,32.07,1801.88,0.54
2021-10-04,103799.45,31.28,1828.42,0.55
2021-10-05,101694.17,30.65,1817.22,0.55
2021-10-06,100030.16,30.15,1813.86,0.55
2021-10-07,98617.45,29.72,1774.59,0.53
2021-10-08,96720.65,29.15,1775.31,0.54
2021-10-09,95855.65,28.89,1768.19,0.53
2021-10-10,95442.65,28.76,1766.62,0.53
2021-10-11,92053.98,27.74,1735.9,0.52
2021-10-12,90314.08,27.22,1702.59,0.51
2021-10-13,88764.6,26.75,1655.19,0.5
2021-10-14,86400.88,26.04,1596.98,0.48
2021-10-15,84816.74,25.56,1558.09,0.47
2021-10-16,83642.08,25.21,1534.14,0.46
2021-10-17,83025.04,25.02,1529.82,0.46
2021-10-18,80770.8,24.34,1482.21,0.45
2021-10-19,79289.23,23.9,1561.22,0.47
2021-10-20,76519.1,23.06,1553.57,0.47
2021-10-21,75620.29,22.79,1527.85,0.46
2021-10-22,73656.67,22.2,1520.08,0.46
2021-10-23,73184.73,22.06,1518.6,0.46
2021-10-24,72845.01,21.95,1498.47,0.45
2021-10-25,69935.98,21.08,1452.63,0.44
2021-10-26,70879.71,21.36,1425.38,0.43
2021-10-27,70988.32,21.39,1402.62,0.42
2021-10-28,71752.41,21.62,1400.01,0.42
2021-10-29,71931.14,21.68,1386.96,0.42
2021-10-30,71623.84,21.59,1367.37,0.41
2021-10-31,71686.49,21.6,1357.99,0.41
2021-11-01,73390.16,22.12,1347.29,0.41
2021-11-02,71604.59,21.58,1337.15,0.4
2021-11-03,71166.65,21.45,1328.74,0.4
2021-11-04,70636.02,21.29,1295.66,0.39
2021-11-05,71224.85,21.47,1238.27,0.37
2021-11-06,71185.91,21.45,1228.55,0.37
2021-11-07,71786.05,21.63,1221.68,0.37
2021-11-08,74097.05,22.33,1208.3,0.36
2021-11-09,75324.41,22.7,1224.58,0.37
2021-11-10,76860.16,23.16,1213.69,0.37
2021-11-11,76891.73,23.17,1218.84,0.37
2021-11-12,79360.28,23.92,1144.96,0.35
2021-11-13,80662.01,24.31,1129.02,0.34
2021-11-14,80708.07,24.32,1098.5,0.33
2021-11-15,83637.06,25.21,1108.17,0.33
2021-11-16,85054.99,25.63,1089.24,0.33
2021-11-17,87702.08,26.43,1085.43,0.33
2021-11-18,90652.75,27.32,1131.58,0.34
2021-11-19,92338.67,27.83,1145.14,0.35
2021-11-20,91187.17,27.48,1131.78,0.34
2021-11-21,92328.32,27.83,1128.51,0.34
2021-11-22,93877.46,28.29,1118.98,0.34
2021-11-23,94332.4,28.43,1155.69,0.35
2021-11-24,95172.23,28.68,1157.42,0.35
2021-11-25,92221.23,27.79,1106.23,0.33
2021-11-26,87445.66,26.35,1057.51,0.32
2021-11-27,85432.31,25.75,990.1,0.3
2021-11-28,83365.09,25.12,992.69,0.3
2021-11-29,80680.04,24.32,919.61,0.28
2021-11-30,83217.05,25.08,917.71,0.28
2021-12-01,86559.62,26.09,965.98,0.29
2021-12-02,94924.02,28.61,1042.37,0.31
2021-12-03,104792.98,31.58,1123.14,0.34
2021-12-04,108648.91,32.74,1182.13,0.36
2021-12-05,109953.86,33.14,1182.35,0.36
2021-12-06,119744.7,36.09,1262.72,0.38
2021-12-07,121795.01,36.71,1300.21,0.39
2021-12-08,122030.87,36.78,1281.21,0.39
2021-12-09,120643,36.36,1286.52,0.39
2021-12-10,119609.33,36.05,1316.5,0.4
2021-12-11,118954.68,35.85,1304.73,0.39
2021-12-12,117454.68,35.4,1303.73,0.39
2021-12-13,118611.17,35.75,1282.72,0.39
2021-12-14,118144,35.61,1291.49,0.39
2021-12-15,119215.44,35.93,1304.44,0.39
2021-12-16,122368.4,36.88,1291.11,0.39
2021-12-17,125752.03,37.9,1299.12,0.39
2021-12-18,127897.85,38.55,1299.43,0.39
2021-12-19,133268.22,40.16,1299.59,0.39
2021-12-20,143432.97,43.23,1311.78,0.4
2021-12-21,154603.99,46.59,1365.8,0.41
2021-12-22,168553.49,50.8,1367.69,0.41
2021-12-23,186685.13,56.26,1382.4,0.42
2021-12-24,197656.92,59.57,1358.83,0.41
2021-12-25,201628.55,60.77,1358.4,0.41
2021-12-26,214794.59,64.73,1341.68,0.4
2021-12-27,243128.15,73.27,1217.1,0.37
2021-12-28,267324.36,80.57,1247.64,0.38
2021-12-29,301500.21,90.86,1211.28,0.37
2021-12-30,344970.05,103.97,1225.83,0.37
2021-12-31,378951.02,114.21,1248.83,0.38
2022-01-01,386922.96,116.61,1243.83,0.37
2022-01-02,405474.45,122.2,1257.97,0.38
2022-01-03,486888.56,146.74,1278.29,0.39
2022-01-04,547664.65,165.05,1318.1,0.4
2022-01-05,585543.71,176.47,1326.39,0.4
2022-01-06,608842.32,183.49,1399.27,0.42
2022-01-07,648729.15,195.51,1501.95,0.45
2022-01-08,655721.39,197.62,1521.4,0.46
2022-01-09,680334.82,205.04,1561.63,0.47
2022-01-10,738030.56,222.42,1657.21,0.5
2022-01-11,761402.03,229.47,1744.62,0.53
2022-01-12,784414.48,236.4,1833.04,0.55
2022-01-13,803730.48,242.23,1878.74,0.57
2022-01-14,806794.55,243.15,1935.15,0.58
2022-01-15,805062.41,242.63,1987.07,0.6
2022-01-16,801903.47,241.67,1967.25,0.59
2022-01-17,790553.41,238.25,1964.64,0.59
2022-01-18,756751.7,228.07,1892.46,0.57
2022-01-19,753912.92,227.21,1969.63,0.59
2022-01-20,735551.75,221.68,2027.47,0.61
2022-01-21,721685.81,217.5,2162.48,0.65
2022-01-22,705904.8,212.74,2152.2,0.65
2022-01-23,692439.18,208.68,2182.2,0.66
2022-01-24,665800.62,200.66,2082.91,0.63
2022-01-25,650010.53,195.9,2362.06,0.71
2022-01-26,618063.11,186.27,2465.57,0.74
2022-01-27,590843.48,178.07,2531.12,0.76
2022-01-28,555602.59,167.45,2535.31,0.76
2022-01-29,537696.3,162.05,2577.18,0.78
2022-01-30,523293.72,157.71,2543.01,0.77
2022-01-31,458757.5,138.26,2564.33,0.77
2022-02-01,425782.02,128.32,2652.5,0.8
2022-02-02,387309.94,116.73,2669.05,0.8
2022-02-03,357981.76,107.89,2641.86,0.8
2022-02-04,319418.31,96.27,2624.58,0.79
2022-02-05,304363.84,91.73,2602.56,0.78
2022-02-06,295944.67,89.19,2564.63,0.77
2022-02-07,253842.13,76.5,2597.87,0.78
2022-02-08,240650.2,72.53,2572.76,0.78
2022-02-09,227980.34,68.71,2576.26,0.78
2022-02-10,205831.48,62.03,2575,0.78
2022-02-11,187362.91,56.47,2474.33,0.75
2022-02-12,178702.21,53.86,2454.33,0.74
2022-02-13,174626.68,52.63,2465.18,0.74
2022-02-14,154920.7,46.69,2399.58,0.72
2022-02-15,140213.16,42.26,2327.91,0.7
2022-02-16,124029.89,37.38,2317.11,0.7
2022-02-17,113971.14,34.35,2306.14,0.7
2022-02-18,108396.55,32.67,2260.23,0.68
2022-02-19,105741.17,31.87,2251.96,0.68
2022-02-20,102389.57,30.86,2183.67,0.66
2022-02-21,88944.78,26.81,2095.47,0.63
2022-02-22,81818.98,24.66,1959.87,0.59
2022-02-23,76682.3,23.11,1907.89,0.57
2022-02-24,72688.59,21.91,1868.12,0.56
2022-02-25,68661.94,20.69,1897.54,0.57
2022-02-26,66443.11,20.02,1871.6,0.56
2022-02-27,65763.54,19.82,1876.32,0.57
2022-02-28,64295.16,19.38,1855.03,0.56
2022-03-01,58502.66,17.63,1908.82,0.58
2022-03-02,54192.11,16.33,1838.27,0.55
2022-03-03,51066.27,15.39,1706.44,0.51
2022-03-04,46314.57,13.96,1562.53,0.47
2022-03-05,45222.64,13.63,1539.55,0.46
2022-03-06,43811.01,13.2,1510.71,0.46
2022-03-07,41120.44,12.39,1473.71,0.44
2022-03-08,39767.86,11.99,1452.25,0.44
2022-03-09,37585.27,11.33,1369.85,0.41
2022-03-10,35711.71,10.76,1294.13,0.39
2022-03-11,35061.16,10.57,1272.79,0.38
2022-03-12,34244.21,10.32,1297.07,0.39
2022-03-13,34244.25,10.32,1293.39,0.39
2022-03-14,32945.14,9.93,1260.47,0.38
2022-03-15,32139.88,9.69,1226.65,0.37
2022-03-16,31216.17,9.41,1262.85,0.38
2022-03-17,30371.12,9.15,1220.13,0.37
2022-03-18,29470.59,8.88,1163.27,0.35
2022-03-19,29416.36,8.87,1117.42,0.34
2022-03-20,29604.58,8.92,1092.83,0.33
2022-03-21,29363.43,8.85,1065.85,0.32
2022-03-22,28984.76,8.74,1000.17,0.3
2022-03-23,30259.49,9.12,919.13,0.28
2022-03-24,30404.64,9.16,830.04,0.25
2022-03-25,30113.77,9.08,803.28,0.24
2022-03-26,30215.56,9.11,797.83,0.24
2022-03-27,30143.84,9.08,794.78,0.24
2022-03-28,29237.02,8.81,751.75,0.23
2022-03-29,29345.19,8.84,716.34,0.22
2022-03-30,27713.62,8.35,703.48,0.21
2022-03-31,27862.02,8.4,698.01,0.21
2022-04-01,27597.55,8.32,657.8,0.2
2022-04-02,27335.09,8.24,652.91,0.2
2022-04-03,26991.71,8.13,650.15,0.2
2022-04-04,27454.23,8.27,633.96,0.19
2022-04-05,28549.75,8.6,603.53,0.18
2022-04-06,29022.58,8.75,598.54,0.18
2022-04-07,28465.65,8.58,563.58,0.17
2022-04-08,30497.72,9.19,546.92,0.16
2022-04-09,30749.28,9.27,558.2,0.17
2022-04-10,31102.46,9.37,562.99,0.17
2022-04-11,32220.26,9.71,533.64,0.16
2022-04-12,31569.5,9.51,534.19,0.16
2022-04-13,33692.37,10.15,470.21,0.14
2022-04-14,36831.86,11.1,456.59,0.14
2022-04-15,37002.7,11.15,465.85,0.14
2022-04-16,37403.98,11.27,447.91,0.13
2022-04-17,37301.89,11.24,447.62,0.13
2022-04-18,38960.25,11.74,425.23,0.13
2022-04-19,41587.97,12.53,410.2,0.12
2022-04-20,42882.73,12.92,386.09,0.12
2022-04-21,42706.88,12.87,375.7,0.11
2022-04-22,46163.34,13.91,369.05,0.11
2022-04-23,46334.38,13.96,369.47,0.11
2022-04-24,46716.53,14.08,362.52,0.11
2022-04-25,48880.69,14.73,360.14,0.11
2022-04-26,50599.03,15.25,353.76,0.11
2022-04-27,53238.75,16.04,341.79,0.1
2022-04-28,54959.22,16.56,332.78,0.1
2022-04-29,56906.08,17.15,316.34,0.1
2022-04-30,56272,16.96,320.6,0.1
2022-05-01,56669.77,17.08,319.92,0.1
2022-05-02,60925.69,18.36,330.55,0.1
2022-05-03,62452.69,18.82,339.68,0.1
2022-05-04,65846.35,19.84,364.61,0.11
2022-05-05,67789.75,20.43,365.65,0.11
2022-05-06,70845.2,21.35,372.47,0.11
2022-05-07,71238.16,21.47,367.24,0.11
2022-05-08,70973.16,21.39,367.67,0.11
2022-05-09,74131.26,22.34,366.91,0.11
2022-05-10,77005.8,23.21,365.41,0.11
2022-05-11,84431.2,25.45,327.38,0.1
2022-05-12,87624.41,26.41,320.98,0.1
2022-05-13,90060.25,27.14,331.08,0.1
2022-05-14,90171.86,27.18,310.83,0.09
2022-05-15,91264.14,27.5,311.05,0.09
2022-05-16,95936.1,28.91,302.03,0.09
2022-05-17,100749.66,30.36,317.55,0.1
2022-05-18,102967.09,31.03,303.79,0.09
2022-05-19,104761.89,31.57,303.14,0.09
2022-05-20,108238.34,32.62,300.96,0.09
2022-05-21,108693.66,32.76,311.77,0.09
2022-05-22,108148.81,32.59,309.21,0.09
2022-05-23,107333.7,32.35,311.75,0.09
2022-05-24,108099.93,32.58,330.69,0.1
2022-05-25,110570.14,33.32,360.74,0.11
2022-05-26,110045.81,33.17,358.33,0.11
2022-05-27,109821.41,33.1,375.04,0.11
2022-05-28,109838.41,33.1,370.97,0.11
2022-05-29,109893.7,33.12,373.9,0.11
2022-05-30,109001.55,32.85,367.98,0.11
2022-05-31,98645.39,29.73,298.07,0.09
2022-06-01,101536.34,30.6,279.19,0.08
2022-06-02,101332.51,30.54,280.67,0.08
2022-06-03,101947.57,30.72,264.03,0.08
2022-06-04,101485.14,30.59,269.18,0.08
2022-06-05,100967.79,30.43,266.59,0.08
2022-06-06,98855.56,29.79,265.61,0.08
2022-06-07,112772.67,33.99,325.82,0.1
2022-06-08,111473.21,33.6,344.88,0.1
2022-06-09,109835.25,33.1,344.55,0.1
2022-06-10,109336.14,32.95,337.65,0.1
2022-06-11,108478.14,32.69,331.88,0.1
2022-06-12,103151.27,31.09,331.09,0.1
2022-06-13,106753.37,32.17,323.72,0.1
2022-06-14,105745.92,31.87,322.08,0.1
2022-06-15,104873.05,31.61,327.02,0.1
2022-06-16,103406.2,31.16,321.04,0.1
2022-06-17,101616.34,30.62,315.6,0.1
2022-06-18,100493.82,30.29,313.28,0.09
2022-06-19,100760.05,30.37,313.42,0.09
2022-06-20,96402.86,29.05,311.13,0.09
2022-06-21,96201.66,28.99,289.39,0.09
2022-06-22,97249.18,29.31,298.48,0.09
2022-06-23,99541.29,30,327.23,0.1
2022-06-24,104990.58,31.64,349.79,0.11
2022-06-25,106396.54,32.07,355.11,0.11
2022-06-26,102765.82,30.97,347.92,0.1
2022-06-27,108190.67,32.61,333.12,0.1
2022-06-28,108913.08,32.82,376.8,0.11
2022-06-29,112409.48,33.88,387.52,0.12
2022-06-30,113959.39,34.34,377.99,0.11
2022-07-01,114096.95,34.39,387.22,0.12
2022-07-02,113060.43,34.07,387.07,0.12
2022-07-03,112759.43,33.98,386.93,0.12
2022-07-04,105278,31.73,388.65,0.12
2022-07-05,100136.92,30.18,327.04,0.1
2022-07-06,107745.33,32.47,322.75,0.1
2022-07-07,107826.69,32.5,326,0.1
2022-07-08,108306.14,32.64,322.24,0.1
2022-07-09,108493.82,32.7,323,0.1
2022-07-10,107425.35,32.38,322.08,0.1
2022-07-11,116587.87,35.14,327.41,0.1
2022-07-12,130669.99,39.38,395.57,0.12
2022-07-13,127458.15,38.41,430.48,0.13
2022-07-14,129459.27,39.02,419.46,0.13
2022-07-15,130463.27,39.32,423.88,0.13
2022-07-16,130099.84,39.21,424.29,0.13
2022-07-17,129964.59,39.17,424.86,0.13
2022-07-18,126837.32,38.23,426.91,0.13
2022-07-19,124601.65,37.55,435.81,0.13
2022-07-20,127920.14,38.55,427.25,0.13
2022-07-21,128426.77,38.7,437.7,0.13
2022-07-22,127668.7,38.48,445.66,0.13
2022-07-23,127814.84,38.52,445.04,0.13
2022-07-24,127782.98,38.51,444.42,0.13
2022-07-25,128041.58,38.59,439.59,0.13
2022-07-26,128646.7,38.77,433.61,0.13
2022-07-27,128540.84,38.74,438.5,0.13
2022-07-28,127116.21,38.31,438.84,0.13
2022-07-29,124060.11,37.39,435.58,0.13
2022-07-30,124047.54,37.38,437.01,0.13
2022-07-31,123510.15,37.22,435.12,0.13
2022-08-01,121369.78,36.58,445.55,0.13
2022-08-02,122582.43,36.94,449.73,0.14
2022-08-03,120397.65,36.28,475.17,0.14
2022-08-04,118310.5,35.66,491.6,0.15
2022-08-05,117586.96,35.44,492.48,0.15
2022-08-06,117418.39,35.39,491.64,0.15
2022-08-07,117483.39,35.41,494.16,0.15
2022-08-08,110731.57,33.37,483.38,0.15
2022-08-09,108973.61,32.84,489.61,0.15
2022-08-10,108127.3,32.59,476.53,0.14
2022-08-11,105790.03,31.88,474.27,0.14
2022-08-12,105564.89,31.81,490.5,0.15
2022-08-13,105514.75,31.8,490.5,0.15
2022-08-14,102873.61,31,488.09,0.15
2022-08-15,99834.5,30.09,488.68,0.15
2022-08-16,100807.25,30.38,466.82,0.14
2022-08-17,98315.25,29.63,490.99,0.15
2022-08-18,96253.17,29.01,475.06,0.14
2022-08-19,95242.3,28.7,460.36,0.14
2022-08-20,95091.07,28.66,460.07,0.14
2022-08-21,95102.16,28.66,459.73,0.14
2022-08-22,92548.82,27.89,458.88,0.14
2022-08-23,91609.46,27.61,465.45,0.14
2022-08-24,91334.89,27.53,457.51,0.14
2022-08-25,91355.73,27.53,462.92,0.14
2022-08-26,91754.29,27.65,483.98,0.15
2022-08-27,91739.32,27.65,483.96,0.15
2022-08-28,88645.13,26.72,480.69,0.14
2022-08-29,89495.69,26.97,475.85,0.14
2022-08-30,90393.32,27.24,472.56,0.14
2022-08-31,90268.97,27.2,502.23,0.15
2022-09-01,89660.95,27.02,512.61,0.15
2022-09-02,87569.22,26.39,494.47,0.15
2022-09-03,86970.29,26.21,492.61,0.15
2022-09-04,87231.65,26.29,492.47,0.15
2022-09-05,81576.24,24.59,489.8,0.15
2022-09-06,75290.11,22.69,419.63,0.13
2022-09-07,71863.43,21.66,397.23,0.12
2022-09-08,68313.43,20.59,382.91,0.12
2022-09-09,66038,19.9,382.07,0.12
2022-09-10,66034.57,19.9,384.75,0.12
2022-09-11,66116.02,19.93,375.3,0.11
2022-09-12,68307.62,20.59,382.48,0.12
2022-09-13,64556.71,19.46,432.38,0.13
2022-09-14,62809.42,18.93,456.38,0.14
2022-09-15,64273.35,19.37,457.71,0.14
2022-09-16,62151.66,18.73,449.48,0.14
2022-09-17,62032.24,18.7,447.43,0.13
2022-09-18,61707.93,18.6,447.04,0.13
2022-09-19,59560.22,17.95,438.78,0.13
2022-09-20,57289.15,17.27,425.84,0.13
2022-09-21,56001.25,16.88,424.55,0.13
2022-09-22,55777.45,16.81,417.82,0.13
2022-09-23,54132.12,16.31,410.51,0.12
2022-09-24,54200.3,16.33,412.76,0.12
2022-09-25,54305.16,16.37,413.18,0.12
2022-09-26,52577.23,15.85,395.88,0.12
2022-09-27,51294.09,15.46,394.99,0.12
2022-09-28,48778.19,14.7,385.8,0.12
2022-09-29,47568.37,14.34,407.78,0.12
2022-09-30,46902.91,14.14,405.59,0.12
2022-10-01,46663.91,14.06,404.02,0.12
2022-10-02,46598.91,14.04,404.02,0.12
2022-10-03,45384.34,13.68,385.51,0.12
2022-10-04,44339.93,13.36,392.55,0.12
2022-10-05,43022.81,12.97,390.2,0.12
2022-10-06,41467.09,12.5,388.39,0.12
2022-10-07,40164.3,12.1,380.17,0.11
2022-10-08,40129.19,12.09,382.46,0.12
2022-10-09,40609.65,12.24,382.35,0.12
2022-10-10,39031.71,11.76,378.07,0.11
2022-10-11,39243.77,11.83,387.46,0.12
2022-10-12,39365.73,11.86,382.29,0.12
2022-10-13,38546.66,11.62,378.35,0.11
2022-10-14,38640.86,11.65,382.5,0.12
2022-10-15,38562.72,11.62,379.78,0.11
2022-10-16,38180.94,11.51,378.78,0.11
2022-10-17,38806.84,11.7,360.14,0.11
2022-10-18,39030.02,11.76,382.14,0.12
2022-10-19,39194.49,11.81,366.2,0.11
2022-10-20,38891.06,11.72,359.78,0.11
2022-10-21,39187.72,11.81,361.44,0.11
2022-10-22,39140.44,11.8,361.01,0.11
2022-10-23,38943.86,11.74,360.76,0.11
2022-10-24,37717.01,11.37,353.9,0.11
2022-10-25,37961.28,11.44,357.06,0.11
2022-10-26,37784.88,11.39,361.42,0.11
2022-10-27,37570.38,11.32,358.33,0.11
2022-10-28,37094.28,11.18,350.45,0.11
2022-10-29,37111.16,11.18,351.72,0.11
2022-10-30,36999.2,11.15,352.31,0.11
2022-10-31,37846.29,11.41,347.98,0.1
2022-11-01,38811.59,11.7,342.46,0.1
2022-11-02,39284.37,11.84,344.95,0.1
2022-11-03,40209.55,12.12,338.93,0.1
2022-11-04,40290.41,12.14,318.34,0.1
2022-11-05,40263.2,12.13,320.05,0.1
2022-11-06,40108.17,12.09,318.03,0.1
2022-11-07,39766.2,11.98,299.7,0.09
2022-11-08,39618.13,11.94,308.45,0.09
2022-11-09,40343.05,12.16,315.53,0.1
2022-11-10,40989.56,12.35,325.85,0.1
2022-11-11,39939.56,12.04,316.94,0.1
2022-11-12,39767.27,11.98,316.8,0.1
2022-11-13,39638.41,11.95,316.51,0.1
2022-11-14,39484.71,11.9,296.8,0.09
2022-11-15,39554.7,11.92,281.05,0.08
2022-11-16,39265.24,11.83,279.49,0.08
2022-11-17,40252.91,12.13,281.26,0.08
2022-11-18,40885.16,12.32,284.1,0.09
2022-11-19,41001.63,12.36,285.13,0.09
2022-11-20,39849.7,12.01,285.13,0.09
2022-11-21,41373.79,12.47,293.61,0.09
2022-11-22,41773.57,12.59,319.96,0.1
2022-11-23,43360.64,13.07,329.87,0.1
2022-11-24,42490.69,12.81,339.44,0.1
2022-11-25,42259.72,12.74,336.31,0.1
2022-11-26,42136.29,12.7,334.88,0.1
2022-11-27,41492.72,12.5,332.15,0.1
2022-11-28,42000.19,12.66,315.68,0.1
2022-11-29,42707.34,12.87,287.34,0.09
2022-11-30,45480.96,13.71,263.41,0.08
2022-12-01,48882.9,14.73,249.74,0.08
2022-12-02,51366.98,15.48,247.63,0.07
2022-12-03,51695.06,15.58,249.98,0.08
2022-12-04,52005.33,15.67,249.98,0.08
2022-12-05,53033.59,15.98,260.53,0.08
2022-12-06,54140.68,16.32,287.36,0.09
2022-12-07,60646.29,18.28,342.58,0.1
2022-12-08,66004.24,19.89,459.86,0.14
2022-12-09,65411.22,19.71,465.61,0.14
2022-12-10,64904.29,19.56,465.9,0.14
2022-12-11,65001.29,19.59,465.9,0.14
2022-12-12,65469.64,19.73,467.56,0.14
2022-12-13,66110.68,19.92,472.93,0.14
2022-12-14,65675.48,19.79,451.01,0.14
2022-12-15,64451.65,19.42,373.49,0.11
2022-12-16,65574.96,19.76,408.75,0.12
2022-12-17,65565.1,19.76,408.04,0.12
2022-12-18,65655.82,19.79,408.04,0.12
2022-12-19,66034.74,19.9,413.41,0.12
2022-12-20,67377.19,20.31,406.6,0.12
2022-12-21,67482.83,20.34,413.25,0.12
2022-12-22,70437.13,21.23,421.82,0.13
2022-12-23,70511.86,21.25,428.48,0.13
2022-12-24,70511,21.25,428.05,0.13
2022-12-25,67806.16,20.44,428.05,0.13
2022-12-26,66016.31,19.9,426.48,0.13
2022-12-27,66857.06,20.15,387.63,0.12
2022-12-28,64611.14,19.47,344.93,0.1
2022-12-29,58473.94,17.62,351.12,0.11
2022-12-30,58701.43,17.69,315.92,0.1
2022-12-31,58787,17.72,316.77,0.1
2023-01-01,58799.68,17.72,316.77,0.1
2023-01-02,59110.75,17.81,316.69,0.1
2023-01-03,59166.53,17.83,309.92,0.09
2023-01-04,62931.25,18.97,457.19,0.14
2023-01-05,63926.82,19.27,474.37,0.14
2023-01-06,65743.74,19.81,512.77,0.15
2023-01-07,65688.03,19.8,513.62,0.15
2023-01-08,65626.05,19.78,508.72,0.15
2023-01-09,65408.79,19.71,467.31,0.14
2023-01-10,65014.2,19.59,580.1,0.17
2023-01-11,64529.45,19.45,555.24,0.17
2023-01-12,60733.24,18.3,564.02,0.17
2023-01-13,61273.53,18.47,565.55,0.17
2023-01-14,61158.03,18.43,566.9,0.17
2023-01-15,61000.82,18.38,563.88,0.17
2023-01-16,59259.68,17.86,562.16,0.17
2023-01-17,58478.08,17.62,536.74,0.16
2023-01-18,54104.77,16.31,482.37,0.15
2023-01-19,50928.23,15.35,498.38,0.15
2023-01-20,47343.1,14.27,498.47,0.15
2023-01-21,47328.24,14.26,498.19,0.15
2023-01-22,47289.96,14.25,488.79,0.15
2023-01-23,46417.66,13.99,486.78,0.15
2023-01-24,45656.47,13.76,542.32,0.16
2023-01-25,46920,14.14,547.72,0.17
2023-01-26,46306.32,13.96,548.35,0.17
2023-01-27,46204.35,13.92,520.95,0.16
2023-01-28,46096.48,13.89,520.95,0.16
2023-01-29,46020.91,13.87,520.67,0.16
2023-01-30,45791.33,13.8,506.28,0.15
2023-01-31,45235.52,13.63,490.18,0.15
2023-02-01,41770.73,12.59,452.62,0.14
2023-02-02,41411.53,12.48,462.1,0.14
2023-02-03,40685.46,12.26,458.59,0.14
2023-02-04,40679.52,12.26,458.27,0.14
2023-02-05,40473.39,12.2,458.27,0.14
2023-02-06,39329.73,11.85,454.05,0.14
2023-02-07,39459.92,11.89,462.69,0.14
2023-02-08,39977.77,12.05,460.3,0.14
2023-02-09,39918.29,12.03,460.62,0.14
2023-02-10,39711.57,11.97,449.15,0.14
2023-02-11,39669.72,11.96,449.38,0.14
2023-02-12,39549.08,11.92,441.56,0.13
2023-02-13,38925.58,11.73,451.63,0.14
2023-02-14,39209.37,11.82,427.52,0.13
2023-02-15,37840.26,11.4,426.74,0.13
2023-02-16,37774.69,11.38,398.3,0.12
2023-02-17,37160.05,11.2,383.5,0.12
2023-02-18,37428.79,11.28,381.04,0.11
2023-02-19,36499.78,11,380.79,0.11
2023-02-20,35465.98,10.69,378.36,0.11
2023-02-21,35918.63,10.83,365.17,0.11
2023-02-22,35670.77,10.75,341.1,0.1
2023-02-23,34679.48,10.45,330.3,0.1
2023-02-24,34517.57,10.4,327.65,0.1
2023-02-25,34127.59,10.29,328.08,0.1
2023-02-26,34036.02,10.26,327.44,0.1
2023-02-27,34076.79,10.27,319.38,0.1
2023-02-28,34451.58,10.38,444.95,0.13
2023-03-01,32430.01,9.77,510.19,0.15
2023-03-02,32332.99,9.74,540.81,0.16
2023-03-03,33997.63,10.25,539.66,0.16
2023-03-04,33996.63,10.25,537.5,0.16
2023-03-05,33949.33,10.23,537.5,0.16
2023-03-06,33125.66,9.98,521.56,0.16
2023-03-07,32398.94,9.76,387.55,0.12
2023-03-08,30461.98,9.18,323.5,0.1
2023-03-09,29558.21,8.91,401.26,0.12
2023-03-10,29497.88,8.89,393.19,0.12
2023-03-11,29472.02,8.88,393.05,0.12
2023-03-12,29456.74,8.88,393.05,0.12
2023-03-13,28712.7,8.65,380.51,0.11
2023-03-14,28312.88,8.53,386.95,0.12
2023-03-15,27441.55,8.27,413.6,0.12
2023-03-16,26496.42,7.99,353.42,0.11
2023-03-17,23068.36,6.95,333.49,0.1
2023-03-18,23049.36,6.95,333.64,0.1
2023-03-19,22338.34,6.73,333.64,0.1
2023-03-20,22590.73,6.81,289.82,0.09
2023-03-21,22390.54,6.75,282.61,0.09
2023-03-22,20771.15,6.26,257.28,0.08
2023-03-23,19507.81,5.88,255.3,0.08
